<ConsultarNfseRpsResposta xmlns:xsi="http://www.w3.org/2001/XMLSchema-instance" xmlns:xsd="http://www.w3.org/2001/XMLSchema" xmlns="http://www.abrasf.org.br/ABRASF/arquivos/nfse.xsd"><CompNfse><Nfse><InfNfse><Numero>125</Numero><CodigoVerificacao>XAIF-BGTI</CodigoVerificacao><DataEmissao>2012-05-28T17:00:34</DataEmissao><IdentificacaoRps><Numero>1</Numero><Serie>XYZ</Serie><Tipo>1</Tipo></IdentificacaoRps><DataEmissaoRps>2012-05-01</DataEmissaoRps><NaturezaOperacao>1</NaturezaOperacao><OptanteSimplesNacional>1</OptanteSimplesNacional><IncentivadorCultural>2</IncentivadorCultural><Competencia>2012-05-01T00:00:00</Competencia><Servico><Valores><ValorServicos>1000</ValorServicos><ValorPis>10</ValorPis><ValorCofins>10</ValorCofins><ValorInss>10</ValorInss><ValorIr>10</ValorIr><ValorCsll>10</ValorCsll><IssRetido>2</IssRetido><ValorIss>50</ValorIss><BaseCalculo>1000</BaseCalculo><Aliquota>0.05</Aliquota><ValorLiquidoNfse>950</ValorLiquidoNfse></Valores><ItemListaServico>23</ItemListaServico><CodigoTributacaoMunicipio>6201500</CodigoTributacaoMunicipio><Discriminacao>DESCRICAO DA NOTA
1. Item 1
2. Item 2
3. Item 3</Discriminacao><CodigoMunicipio>261160</CodigoMunicipio></Servico><PrestadorServico><IdentificacaoPrestador><Cnpj>04642554000143</Cnpj><InscricaoMunicipal>1570790</InscricaoMunicipal></IdentificacaoPrestador><RazaoSocial>Tiplan Consultoria e Servi�os em Inform�tica Ltda.</RazaoSocial><Endereco><Endereco>RUA MADRE DEUS 27, ANDAR 0011</Endereco><Numero>27</Numero><Complemento>ANDAR 0011</Complemento><Bairro>RECIFE</Bairro><CodigoMunicipio>261160</CodigoMunicipio><Uf>PE</Uf><Cep>50030110</Cep></Endereco><Contato><Email>apoena@tiplan.com.br</Email></Contato></PrestadorServico><TomadorServico><IdentificacaoTomador><CpfCnpj><Cnpj>12345678000195</Cnpj></CpfCnpj></IdentificacaoTomador><RazaoSocial>INSCRICAO DE TESTE</RazaoSocial><Endereco><Endereco>RUA AGENOR LOPES 300, SALA 1001 1002</Endereco><Numero>300</Numero><Complemento>SALA 1001 1002</Complemento><Bairro>BOA VIAGEM</Bairro><CodigoMunicipio>261160</CodigoMunicipio><Uf>PE</Uf><Cep>51021110</Cep></Endereco></TomadorServico><OrgaoGerador><CodigoMunicipio>261160</CodigoMunicipio><Uf>PE</Uf></OrgaoGerador></InfNfse></Nfse></CompNfse></ConsultarNfseRpsResposta>